mechanism,policy,seed,revenue,advertiser_surplus,consumer_welfare,inc_conversions_true,inc_conversions_model,promo_spend,per_dollar_true,per_dollar_model,orders_realized
first_price,treat_none,1,6392.572607917778,-1939.4310710231484,0.09542001471531344,0.0,0.0,0.0,nan,nan,1375
first_price,treat_none,2,7168.557885725733,-2865.8923223527654,0.09531092449819786,0.0,0.0,0.0,nan,nan,1331
first_price,treat_none,3,7152.295918895823,-2610.537444402773,0.09509149221651314,0.0,0.0,0.0,nan,nan,1323
first_price,treat_none,4,6143.766706613731,-1859.7309813363972,0.09509329750190663,0.0,0.0,0.0,nan,nan,1403
first_price,treat_none,5,7191.836064273047,-2663.5932608419653,0.09563991218629526,0.0,0.0,0.0,nan,nan,1416
first_price,treat_all,1,6392.572607917778,-286.0864069993713,0.09542001471531344,498.71297418858626,503.4366049047494,20062.66,0.02485776931815553,0.025093213208256006,1835
first_price,treat_all,2,7168.557885725733,-1284.7444923372923,0.09531092449819786,492.2470957558381,498.91493421624034,20075.370000000003,0.024519951351125186,0.024852091603603833,1791
first_price,treat_all,3,7152.295918895823,-1020.6243033977535,0.09509149221651314,476.34965366132576,486.69782002959596,20066.96,0.023738007832841933,0.024253689648536497,1904
first_price,treat_all,4,6143.766706613731,-274.4395763003149,0.09509329750190663,484.8528174196414,492.7413154987015,20058.24,0.024172251275268484,0.02456553094881213,1773
first_price,treat_all,5,7191.836064273047,-1016.5043791034559,0.09563991218629526,479.7988057956328,488.61820696440134,20074.18,0.023901290403674412,0.02434063094803381,1875
first_price,random_k,1,6392.572607917778,-1595.0467803525216,0.09542001471531344,102.9578918238403,102.42358709176324,4179.95,0.024631369232608117,0.024503543605010406,1492
first_price,random_k,2,7168.557885725733,-2562.5588138608873,0.09531092449819786,97.46970781548015,99.2440295171109,3964.87,0.024583330050034467,0.025030840738059737,1461
first_price,random_k,3,7152.295918895823,-2306.3786729374733,0.09509149221651314,95.16105935552983,97.61406307187099,3965.8200000000006,0.02399530471769516,0.024613841039651564,1517
first_price,random_k,4,6143.766706613731,-1550.7764234982315,0.09509329750190663,94.33900071489427,97.04467153012592,3952.4800000000005,0.023868305649843706,0.02455285580954892,1438
first_price,random_k,5,7191.836064273047,-2325.5848120705605,0.09563991218629526,98.1445750900287,99.24580990000777,4072.8599999999997,0.024097213037037536,0.02436759670109156,1432
first_price,uplift_top_k,1,6392.572607917778,-937.308831367327,0.09542001471531344,305.1036185264587,291.3340344578028,5758.84,0.05298004780936069,0.050589013491918994,1707
first_price,uplift_top_k,2,7168.557885725733,-1876.538742402272,0.09531092449819786,304.5008712810961,290.03310365229845,5850.3099999999995,0.05204867285342078,0.04957568122925084,1658
first_price,uplift_top_k,3,7152.295918895823,-1584.822755168988,0.09509149221651314,302.01828059522126,288.20761179178953,5676.959999999999,0.05320070611651682,0.050767948301870994,1682
first_price,uplift_top_k,4,6143.766706613731,-873.0327924813846,0.09509329750190663,303.644121099549,289.37844871357083,5693.32,0.053333401442312925,0.050827715412724184,1643
first_price,uplift_top_k,5,7191.836064273047,-1644.3200189418321,0.09563991218629526,300.4941206447159,287.0021459162235,5691.73,0.05279486564624744,0.05042441330074047,1640
first_price,propensity_top_k,1,6392.572607917778,-949.1744650559613,0.09542001471531344,297.8999891766192,254.14677571852917,6075.43,0.04903356456688979,0.04183189925956338,1599
first_price,propensity_top_k,2,7168.557885725733,-1913.203621285411,0.09531092449819786,297.76687458754054,254.04037637617148,6107.61,0.04875341984631314,0.04159407302957646,1688
first_price,propensity_top_k,3,7152.295918895823,-1601.7093546411716,0.09509149221651314,295.7423273805389,252.47405728416925,5882.1900000000005,0.05027758834388873,0.042921778671577974,1652
first_price,propensity_top_k,4,6143.766706613731,-898.8561516379314,0.09509329750190663,296.33664323903855,252.73122828476335,5979.27,0.04956067266389351,0.04226790699947708,1695
first_price,propensity_top_k,5,7191.836064273047,-1687.7044681610369,0.09563991218629526,293.8740923286688,251.5444724245317,6016.33,0.0488460726603542,0.04181028507820078,1624
second_price,treat_none,1,1755.538769721944,1130.9215674508378,0.0913303455070057,0.0,0.0,0.0,nan,nan,1375
second_price,treat_none,2,1853.8410929798706,980.2532177593953,0.09115445995251764,0.0,0.0,0.0,nan,nan,1331
second_price,treat_none,3,1839.2020520017343,1121.9206684346402,0.09115772076472815,0.0,0.0,0.0,nan,nan,1323
second_price,treat_none,4,1632.308290507271,1203.2413133433797,0.09120458825168375,0.0,0.0,0.0,nan,nan,1403
second_price,treat_none,5,1836.7168449504095,1065.794603524888,0.09128535009093,0.0,0.0,0.0,nan,nan,1416
second_price,treat_all,1,1755.538769721944,2192.2049113553194,0.0913303455070057,498.71297418858626,503.4366049047494,20062.66,0.02485776931815553,0.025093213208256006,1835
second_price,treat_all,2,1853.8410929798706,2023.0789544379368,0.09115445995251764,492.2470957558381,498.91493421624034,20075.370000000003,0.024519951351125186,0.024852091603603833,1791
second_price,treat_all,3,1839.2020520017343,2160.4474003663045,0.09115772076472815,476.34965366132576,486.69782002959596,20066.96,0.023738007832841933,0.024253689648536497,1904
second_price,treat_all,4,1632.308290507271,2241.8000646037194,0.09120458825168375,484.8528174196414,492.7413154987015,20058.24,0.024172251275268484,0.02456553094881213,1773
second_price,treat_all,5,1836.7168449504095,2127.2972289270847,0.09128535009093,479.7988057956328,488.61820696440134,20074.18,0.023901290403674412,0.02434063094803381,1875
second_price,random_k,1,1755.538769721944,1348.175731363709,0.0913303455070057,102.9578918238403,102.42358709176324,4179.95,0.024631369232608117,0.024503543605010406,1492
second_price,random_k,2,1853.8410929798706,1179.8289344469226,0.09115445995251764,97.46970781548015,99.2440295171109,3964.87,0.024583330050034467,0.025030840738059737,1461
second_price,random_k,3,1839.2020520017343,1332.552755865366,0.09115772076472815,95.16105935552983,97.61406307187099,3965.8200000000006,0.02399530471769516,0.024613841039651564,1517
second_price,random_k,4,1632.308290507271,1405.8323382523445,0.09120458825168375,94.33900071489427,97.04467153012592,3952.4800000000005,0.023868305649843706,0.02455285580954892,1438
second_price,random_k,5,1836.7168449504095,1276.7200791015991,0.09128535009093,98.1445750900287,99.24580990000777,4072.8599999999997,0.024097213037037536,0.02436759670109156,1432
second_price,uplift_top_k,1,1755.538769721944,1775.1940470592644,0.0913303455070057,305.1036185264587,291.3340344578028,5758.84,0.05298004780936069,0.050589013491918994,1707
second_price,uplift_top_k,2,1853.8410929798706,1636.9649247766179,0.09115445995251764,304.5008712810961,290.03310365229845,5850.3099999999995,0.05204867285342078,0.04957568122925084,1658
second_price,uplift_top_k,3,1839.2020520017343,1788.1176661869038,0.09115772076472815,302.01828059522126,288.20761179178953,5676.959999999999,0.05320070611651682,0.050767948301870994,1682
second_price,uplift_top_k,4,1632.308290507271,1843.3556591076413,0.09120458825168375,303.644121099549,289.37844871357083,5693.32,0.053333401442312925,0.050827715412724184,1643
second_price,uplift_top_k,5,1836.7168449504095,1719.621529408959,0.09128535009093,300.4941206447159,287.0021459162235,5691.73,0.05279486564624744,0.05042441330074047,1640
second_price,propensity_top_k,1,1755.538769721944,1764.6120213958498,0.0913303455070057,297.8999891766192,254.14677571852917,6075.43,0.04903356456688979,0.04183189925956338,1599
second_price,propensity_top_k,2,1853.8410929798706,1609.655576319572,0.09115445995251764,297.76687458754054,254.04037637617148,6107.61,0.04875341984631314,0.04159407302957646,1688
second_price,propensity_top_k,3,1839.2020520017343,1774.4161395868298,0.09115772076472815,295.7423273805389,252.47405728416925,5882.1900000000005,0.05027758834388873,0.042921778671577974,1652
second_price,propensity_top_k,4,1632.308290507271,1824.2303196222283,0.09120458825168375,296.33664323903855,252.73122828476335,5979.27,0.04956067266389351,0.04226790699947708,1695
second_price,propensity_top_k,5,1836.7168449504095,1694.8892591414972,0.09128535009093,293.8740923286688,251.5444724245317,6016.33,0.0488460726603542,0.04181028507820078,1624
gsp,treat_none,1,2600.3458088250654,1886.831483880981,0.09543915636670311,0.0,0.0,0.0,nan,nan,1375
gsp,treat_none,2,2751.4971308474587,1558.5770470739662,0.09531810920077376,0.0,0.0,0.0,nan,nan,1331
gsp,treat_none,3,2730.4310357163768,1817.9095853656272,0.0950680945391435,0.0,0.0,0.0,nan,nan,1323
gsp,treat_none,4,2376.209737809728,1930.9872004013578,0.09509164733981422,0.0,0.0,0.0,nan,nan,1403
gsp,treat_none,5,2837.9518687671916,1706.9056251122947,0.09561372414375771,0.0,0.0,0.0,nan,nan,1416
gsp,treat_all,1,2600.3458088250654,3555.1196402303167,0.09543915636670311,498.71297418858626,503.4366049047494,20062.66,0.02485776931815553,0.025093213208256006,1835
gsp,treat_all,2,2751.4971308474587,3143.944184289742,0.09531810920077376,492.2470957558381,498.91493421624034,20075.370000000003,0.024519951351125186,0.024852091603603833,1791
gsp,treat_all,3,2730.4310357163768,3412.683247291292,0.0950680945391435,476.34965366132576,486.69782002959596,20066.96,0.023738007832841933,0.024253689648536497,1904
gsp,treat_all,4,2376.209737809728,3522.584100504435,0.09509164733981422,484.8528174196414,492.7413154987015,20058.24,0.024172251275268484,0.02456553094881213,1773
gsp,treat_all,5,2837.9518687671916,3362.0789909223276,0.09561372414375771,479.7988057956328,488.61820696440134,20074.18,0.023901290403674412,0.02434063094803381,1875
gsp,random_k,1,2600.3458088250654,2234.2761935905864,0.09543915636670311,102.9578918238403,102.42358709176324,4179.95,0.024631369232608117,0.024503543605010406,1492
gsp,random_k,2,2751.4971308474587,1862.0120967041794,0.09531810920077376,97.46970781548015,99.2440295171109,3964.87,0.024583330050034467,0.025030840738059737,1461
gsp,random_k,3,2730.4310357163768,2124.9195342151224,0.0950680945391435,95.16105935552983,97.61406307187099,3965.8200000000006,0.02399530471769516,0.024613841039651564,1517
gsp,random_k,4,2376.209737809728,2240.769113504466,0.09509164733981422,94.33900071489427,97.04467153012592,3952.4800000000005,0.023868305649843706,0.02455285580954892,1438
gsp,random_k,5,2837.9518687671916,2046.3800205087236,0.09561372414375771,98.1445750900287,99.24580990000777,4072.8599999999997,0.024097213037037536,0.02436759670109156,1432
gsp,uplift_top_k,1,2600.3458088250654,2899.40283745776,0.09543915636670311,305.1036185264587,291.3340344578028,5758.84,0.05298004780936069,0.050589013491918994,1707
gsp,uplift_top_k,2,2751.4971308474587,2552.184646964949,0.09531810920077376,304.5008712810961,290.03310365229845,5850.3099999999995,0.05204867285342078,0.04957568122925084,1658
gsp,uplift_top_k,3,2730.4310357163768,2844.3294046475294,0.0950680945391435,302.01828059522126,288.20761179178953,5676.959999999999,0.05320070611651682,0.050767948301870994,1682
gsp,uplift_top_k,4,2376.209737809728,2922.4964785399043,0.09509164733981422,303.644121099549,289.37844871357083,5693.32,0.053333401442312925,0.050827715412724184,1643
gsp,uplift_top_k,5,2837.9518687671916,2731.0083500235532,0.09561372414375771,300.4941206447159,287.0021459162235,5691.73,0.05279486564624744,0.05042441330074047,1640
gsp,propensity_top_k,1,2600.3458088250654,2886.4767474533246,0.09543915636670311,297.8999891766192,254.14677571852917,6075.43,0.04903356456688979,0.04183189925956338,1599
gsp,propensity_top_k,2,2751.4971308474587,2515.318201659169,0.09531810920077376,297.76687458754054,254.04037637617148,6107.61,0.04875341984631314,0.04159407302957646,1688
gsp,propensity_top_k,3,2730.4310357163768,2828.684243376235,0.0950680945391435,295.7423273805389,252.47405728416925,5882.1900000000005,0.05027758834388873,0.042921778671577974,1652
gsp,propensity_top_k,4,2376.209737809728,2897.246786767546,0.09509164733981422,296.33664323903855,252.73122828476335,5979.27,0.04956067266389351,0.04226790699947708,1695
gsp,propensity_top_k,5,2837.9518687671916,2689.161864398482,0.09561372414375771,293.8740923286688,251.5444724245317,6016.33,0.0488460726603542,0.04181028507820078,1624
vcg,treat_none,1,1324.7759165707253,3158.7513770537666,0.09544768804504651,0.0,0.0,0.0,nan,nan,1375
vcg,treat_none,2,1315.8060712978163,2990.0785819409016,0.0953159623868554,0.0,0.0,0.0,nan,nan,1331
vcg,treat_none,3,1317.7471793652937,3226.007951418709,0.0950761030107789,0.0,0.0,0.0,nan,nan,1323
vcg,treat_none,4,1217.0691566705432,3081.3845355762364,0.09509513439052214,0.0,0.0,0.0,nan,nan,1403
vcg,treat_none,5,1419.2840847966054,3120.056557002281,0.09561224447635584,0.0,0.0,0.0,nan,nan,1416
vcg,treat_all,1,1324.7759165707253,4826.375577680297,0.09544768804504651,498.71297418858626,503.4366049047494,20062.66,0.02485776931815553,0.025093213208256006,1835
vcg,treat_all,2,1315.8060712978163,4573.507442650378,0.0953159623868554,492.2470957558381,498.91493421624034,20075.370000000003,0.024519951351125186,0.024852091603603833,1791
vcg,treat_all,3,1317.7471793652937,4820.474375611413,0.0950761030107789,476.34965366132576,486.69782002959596,20066.96,0.023738007832841933,0.024253689648536497,1904
vcg,treat_all,4,1217.0691566705432,4674.440880636277,0.09509513439052214,484.8528174196414,492.7413154987015,20058.24,0.024172251275268484,0.02456553094881213,1773
vcg,treat_all,5,1419.2840847966054,4772.627693102288,0.09561224447635584,479.7988057956328,488.61820696440134,20074.18,0.023901290403674412,0.02434063094803381,1875
vcg,random_k,1,1324.7759165707253,3506.420722090948,0.09544768804504651,102.9578918238403,102.42358709176324,4179.95,0.024631369232608117,0.024503543605010406,1492
vcg,random_k,2,1315.8060712978163,3293.3284176087623,0.0953159623868554,97.46970781548015,99.2440295171109,3964.87,0.024583330050034467,0.025030840738059737,1461
vcg,random_k,3,1317.7471793652937,3532.5346555214574,0.0950761030107789,95.16105935552983,97.61406307187099,3965.8200000000006,0.02399530471769516,0.024613841039651564,1517
vcg,random_k,4,1217.0691566705432,3392.007299912713,0.09509513439052214,94.33900071489427,97.04467153012592,3952.4800000000005,0.023868305649843706,0.02455285580954892,1438
vcg,random_k,5,1419.2840847966054,3457.5424241170776,0.09561224447635584,98.1445750900287,99.24580990000777,4072.8599999999997,0.024097213037037536,0.02436759670109156,1432
vcg,uplift_top_k,1,1324.7759165707253,4171.892825402701,0.09544768804504651,305.1036185264587,291.3340344578028,5758.84,0.05298004780936069,0.050589013491918994,1707
vcg,uplift_top_k,2,1315.8060712978163,3981.6720839706973,0.0953159623868554,304.5008712810961,290.03310365229845,5850.3099999999995,0.05204867285342078,0.04957568122925084,1658
vcg,uplift_top_k,3,1317.7471793652937,4252.674959274614,0.0950761030107789,302.01828059522126,288.20761179178953,5676.959999999999,0.05320070611651682,0.050767948301870994,1682
vcg,uplift_top_k,4,1217.0691566705432,4072.7889938720177,0.09509513439052214,303.644121099549,289.37844871357083,5693.32,0.053333401442312925,0.050827715412724184,1643
vcg,uplift_top_k,5,1419.2840847966054,4142.446543789246,0.09561224447635584,300.4941206447159,287.0021459162235,5691.73,0.05279486564624744,0.05042441330074047,1640
vcg,propensity_top_k,1,1324.7759165707253,4159.177741833459,0.09544768804504651,297.8999891766192,254.14677571852917,6075.43,0.04903356456688979,0.04183189925956338,1599
vcg,propensity_top_k,2,1315.8060712978163,3946.163053067238,0.0953159623868554,297.76687458754054,254.04037637617148,6107.61,0.04875341984631314,0.04159407302957646,1688
vcg,propensity_top_k,3,1317.7471793652937,4236.968087758908,0.0950761030107789,295.7423273805389,252.47405728416925,5882.1900000000005,0.05027758834388873,0.042921778671577974,1652
vcg,propensity_top_k,4,1217.0691566705432,4047.5595900820804,0.09509513439052214,296.33664323903855,252.73122828476335,5979.27,0.04956067266389351,0.04226790699947708,1695
vcg,propensity_top_k,5,1419.2840847966054,4100.506032221357,0.09561224447635584,293.8740923286688,251.5444724245317,6016.33,0.0488460726603542,0.04181028507820078,1624
